Datetime,pred,q10,q90,tf_pred,actual
2018-07-06 01:00:00,14899.172,14786.723,15026.375,14899.171,15139.0
2018-07-06 02:00:00,14080.037,13893.488,14260.3125,14272.358,14325.0
2018-07-06 03:00:00,13414.629,13185.511,13642.274,13645.851,13685.0
2018-07-06 04:00:00,12944.468,12679.11,13209.697,13340.134,13350.0
2018-07-06 05:00:00,12901.733,12590.725,13213.524,13246.627,13357.0
2018-07-06 06:00:00,13355.301,13000.756,13721.934,13740.149,13671.0
2018-07-06 07:00:00,13953.851,13506.899,14365.867,14087.59,14124.0
2018-07-06 08:00:00,14686.799,14181.774,15159.963,14863.068,14646.0
2018-07-06 09:00:00,15399.043,14790.756,15948.127,15189.191,15294.0
2018-07-06 10:00:00,16073.725,15391.06,16691.037,15957.393,15804.0
2018-07-06 11:00:00,16801.785,16068.147,17485.352,16261.805,16420.0
2018-07-06 12:00:00,17399.94,16614.582,18158.916,16873.191,16924.0
2018-07-06 13:00:00,17948.312,17114.77,18762.14,17360.908,17335.0
2018-07-06 14:00:00,18260.83,17367.361,19141.174,17599.012,17745.0
2018-07-06 15:00:00,18340.97,17430.445,19258.74,17845.604,17846.0
2018-07-06 16:00:00,18246.613,17339.166,19167.516,17827.104,17753.0
2018-07-06 17:00:00,18046.922,17123.41,18971.379,17594.45,17741.0
2018-07-06 18:00:00,17812.492,16925.76,18703.48,17601.863,17561.0
2018-07-06 19:00:00,17424.852,16579.578,18277.92,17222.137,17090.0
2018-07-06 20:00:00,16924.02,16129.693,17723.682,16528.863,16412.0
2018-07-06 21:00:00,16416.09,15659.468,17151.56,15774.047,15807.0
2018-07-06 22:00:00,15947.352,15257.142,16620.6,15382.532,15249.0
2018-07-06 23:00:00,15153.957,14544.29,15771.339,14436.731,14482.0
2018-07-07 00:00:00,14029.983,13459.331,14579.954,13499.462,13331.0
2018-07-07 01:00:00,13203.768,12698.117,13696.54,12477.389,12456.0
2018-07-07 02:00:00,12498.924,11999.084,12987.109,11791.066,11781.0
2018-07-07 03:00:00,11966.693,11530.303,12428.729,11267.315,11325.0
2018-07-07 04:00:00,11582.468,11228.963,11973.478,11001.307,11074.0
2018-07-07 05:00:00,11462.814,11061.064,11905.568,11032.579,11050.0
2018-07-07 06:00:00,11565.628,11130.89,12037.0625,11169.756,11046.0
2018-07-07 07:00:00,11748.934,11265.357,12250.71,11065.606,11042.0
2018-07-07 08:00:00,12177.528,11617.297,12723.365,11360.291,11457.0
2018-07-07 09:00:00,12878.827,12252.873,13476.269,12119.255,12194.0
2018-07-07 10:00:00,13675.824,12968.059,14315.973,12948.992,12862.0
2018-07-07 11:00:00,14459.367,13698.452,15166.547,13419.64,13568.0
2018-07-07 12:00:00,15081.458,14273.927,15839.66,14125.542,14017.0
2018-07-07 13:00:00,15581.29,14734.368,16362.217,14387.498,14418.0
2018-07-07 14:00:00,16046.393,15159.73,16872.512,14696.442,14935.0
2018-07-07 15:00:00,16348.892,15449.847,17203.252,15207.641,15289.0
2018-07-07 16:00:00,16500.98,15613.282,17377.295,15512.277,15789.0
2018-07-07 17:00:00,16613.602,15744.672,17461.584,16097.05,16203.0
2018-07-07 18:00:00,16731.79,15881.709,17564.178,16383.916,16467.0
2018-07-07 19:00:00,16482.756,15665.264,17256.104,16344.85,16349.0
2018-07-07 20:00:00,16083.207,15284.714,16823.049,15936.243,15993.0
2018-07-07 21:00:00,15575.664,14834.599,16260.787,15463.702,15270.0
2018-07-07 22:00:00,15233.708,14559.102,15861.384,14938.034,14740.0
2018-07-07 23:00:00,14571.41,13950.123,15152.789,14061.032,13992.0
2018-07-08 00:00:00,13595.8125,13044.417,14126.252,13099.037,12969.0
2018-07-08 01:00:00,12727.4375,12250.246,13185.541,12105.475,11984.0
2018-07-08 02:00:00,12026.516,11558.977,12463.676,11381.283,11355.0
2018-07-08 03:00:00,11568.924,11137.412,11966.963,10948.116,10956.0
2018-07-08 04:00:00,11245.773,10816.764,11617.795,10750.608,10650.0
2018-07-08 05:00:00,11122.72,10690.493,11517.943,10540.506,10504.0
2018-07-08 06:00:00,11122.1,10674.514,11537.614,10551.221,10498.0
2018-07-08 07:00:00,11097.831,10569.273,11610.578,10554.843,10343.0
2018-07-08 08:00:00,11564.041,11011.8125,12089.959,10893.104,10658.0
2018-07-08 09:00:00,12483.43,11882.084,13076.6875,11539.349,11577.0
2018-07-08 10:00:00,13492.479,12807.41,14171.283,12588.594,12203.0
2018-07-08 11:00:00,14355.778,13651.6875,15080.674,12938.572,13006.0
2018-07-08 12:00:00,15290.882,14511.173,16088.34,13787.627,13741.0
2018-07-08 13:00:00,16062.3,15246.05,16914.314,14406.681,14527.0
2018-07-08 14:00:00,16673.377,15836.789,17562.584,15206.62,15226.0
2018-07-08 15:00:00,17122.541,16259.301,18020.113,15770.887,15875.0
2018-07-08 16:00:00,17452.535,16578.959,18341.904,16467.576,16576.0
2018-07-08 17:00:00,17726.04,16851.889,18617.156,17118.863,17252.0
2018-07-08 18:00:00,17898.262,17032.705,18778.068,17688.81,17655.0
2018-07-08 19:00:00,17726.145,16899.139,18583.531,17731.13,17710.0
2018-07-08 20:00:00,17322.436,16495.443,18148.902,17449.467,17324.0
2018-07-08 21:00:00,16900.957,16091.864,17686.5,16768.9,16567.0
2018-07-08 22:00:00,16491.527,15724.11,17220.871,16123.751,16110.0
2018-07-08 23:00:00,15652.214,14947.157,16332.925,15362.943,15183.0
2018-07-09 00:00:00,14517.965,13846.752,15136.135,14138.24,13993.0
2018-07-09 01:00:00,13502.91,12873.387,14088.799,13058.422,12988.0
2018-07-09 02:00:00,12827.287,12252.993,13349.097,12435.625,12226.0
2018-07-09 03:00:00,12336.866,11823.349,12787.623,11807.804,11805.0
2018-07-09 04:00:00,12147.939,11650.338,12602.213,11683.357,11621.0
2018-07-09 05:00:00,12169.892,11727.256,12568.986,11760.232,11739.0
2018-07-09 06:00:00,12650.167,12078.276,13201.862,12310.507,12200.0
2018-07-09 07:00:00,13333.207,12698.182,13963.184,12858.654,12650.0
2018-07-09 08:00:00,14348.404,13667.673,15009.864,13419.884,13601.0
2018-07-09 09:00:00,15259.877,14514.557,15960.099,14554.9,14504.0
2018-07-09 10:00:00,16168.801,15348.534,16919.486,15451.102,15593.0
2018-07-09 11:00:00,17152.127,16276.621,17956.387,16711.428,16613.0
2018-07-09 12:00:00,18054.777,17145.195,18896.434,17563.277,17605.0
2018-07-09 13:00:00,18840.662,17882.8,19722.049,18478.762,18565.0
2018-07-09 14:00:00,19316.639,18326.246,20199.11,19325.725,19416.0
2018-07-09 15:00:00,19668.674,18674.613,20535.09,19903.043,20023.0
2018-07-09 16:00:00,19799.691,18791.719,20682.453,20387.727,20405.0
2018-07-09 17:00:00,19923.133,18886.098,20824.23,20710.887,20878.0
2018-07-09 18:00:00,19913.836,18902.426,20801.643,21051.637,21016.0
2018-07-09 19:00:00,19725.652,18738.225,20599.256,20818.516,20832.0
2018-07-09 20:00:00,19272.646,18336.137,20127.744,20255.7,20340.0
2018-07-09 21:00:00,18654.904,17748.479,19521.848,19599.494,19377.0
2018-07-09 22:00:00,18071.129,17227.982,18910.582,18717.908,18813.0
2018-07-09 23:00:00,17089.107,16298.4795,17892.69,17749.15,17453.0
2018-07-10 00:00:00,15814.359,15103.833,16569.14,16094.645,16056.0
2018-07-10 01:00:00,14736.445,14083.7295,15450.934,14942.812,14770.0
2018-07-10 02:00:00,13937.778,13337.644,14582.043,13976.974,13822.0
2018-07-10 03:00:00,13353.872,12792.296,13977.131,13278.553,13327.0
2018-07-10 04:00:00,12988.472,12441.91,13578.215,13162.901,12956.0
2018-07-10 05:00:00,12973.161,12397.569,13570.992,12977.654,12915.0
2018-07-10 06:00:00,13398.074,12771.973,14048.691,13408.014,13177.0
2018-07-10 07:00:00,13983.586,13315.176,14660.693,13714.634,13841.0
2018-07-10 08:00:00,14988.217,14247.374,15717.92,14866.464,14820.0
2018-07-10 09:00:00,15977.273,15180.531,16748.273,15907.445,15937.0
2018-07-10 10:00:00,17041.348,16180.727,17837.562,17223.156,17146.0
2018-07-10 11:00:00,18105.846,17231.398,18926.549,18398.37,18481.0
2018-07-10 12:00:00,19055.756,18147.988,19883.791,19602.621,19510.0
2018-07-10 13:00:00,19933.39,18994.836,20793.771,20438.572,20461.0
2018-07-10 14:00:00,20469.32,19521.984,21339.426,21130.451,21133.0
2018-07-10 15:00:00,20702.574,19787.242,21545.738,21411.762,21446.0
2018-07-10 16:00:00,20756.809,19810.816,21625.043,21565.47,21470.0
2018-07-10 17:00:00,20721.715,19746.883,21607.36,21463.508,21088.0
2018-07-10 18:00:00,20492.156,19542.209,21362.914,20727.941,20840.0
2018-07-10 19:00:00,20077.555,19113.697,20936.934,20434.238,20657.0
2018-07-10 20:00:00,19574.648,18678.66,20404.35,20134.105,20187.0
2018-07-10 21:00:00,19005.701,18121.719,19800.418,19499.57,19411.0
2018-07-10 22:00:00,18477.7,17666.348,19232.96,18773.152,18714.0
2018-07-10 23:00:00,17404.453,16649.006,18123.75,17615.18,17579.0
2018-07-11 00:00:00,16036.537,15358.003,16696.02,16251.784,16080.0
2018-07-11 01:00:00,14921.352,14291.848,15532.664,14889.686,14958.0
2018-07-11 02:00:00,14140.481,13538.252,14743.228,14160.887,13970.0
2018-07-11 03:00:00,13526.467,12956.764,14086.546,13370.162,13345.0
2018-07-11 04:00:00,13118.368,12564.915,13667.317,13052.012,12937.0
2018-07-11 05:00:00,13088.148,12514.786,13644.15,12859.955,12824.0
2018-07-11 06:00:00,13533.592,12890.683,14167.904,13166.549,13179.0
2018-07-11 07:00:00,14162.622,13452.197,14858.187,13757.896,13664.0
2018-07-11 08:00:00,15114.663,14339.677,15844.275,14561.65,14408.0
2018-07-11 09:00:00,16032.409,15181.01,16808.303,15281.559,15346.0
2018-07-11 10:00:00,16900.041,15984.355,17718.094,16315.036,16154.0
2018-07-11 11:00:00,17740.639,16760.209,18644.617,16919.918,17144.0
2018-07-11 12:00:00,18560.662,17531.744,19478.195,17896.994,17908.0
2018-07-11 13:00:00,19360.006,18257.346,20337.63,18582.135,18638.0
2018-07-11 14:00:00,19896.262,18739.295,20896.592,19165.102,19304.0
2018-07-11 15:00:00,20050.494,18890.053,21067.871,19649.69,19719.0
2018-07-11 16:00:00,19959.254,18816.482,21004.598,19904.68,20052.0
2018-07-11 17:00:00,19870.39,18718.553,20940.305,20159.695,20153.0
2018-07-11 18:00:00,19544.387,18402.771,20602.238,20017.383,20105.0
2018-07-11 19:00:00,19101.023,18009.72,20138.193,19742.838,19776.0
2018-07-11 20:00:00,18567.123,17521.652,19567.416,19092.75,19114.0
2018-07-11 21:00:00,18040.338,17077.648,18958.295,18192.748,18249.0
2018-07-11 22:00:00,17625.605,16768.338,18472.459,17505.96,17602.0
2018-07-11 23:00:00,16617.63,15839.527,17398.734,16488.324,16510.0
2018-07-12 00:00:00,15353.468,14661.234,16073.789,15161.793,15115.0
2018-07-12 01:00:00,14364.074,13744.0,14997.865,13963.893,13982.0
2018-07-12 02:00:00,13618.025,13042.469,14251.621,13148.314,13023.0
2018-07-12 03:00:00,13048.193,12499.541,13638.8125,12448.674,12482.0
2018-07-12 04:00:00,12770.486,12221.251,13346.508,12189.007,12280.0
2018-07-12 05:00:00,12756.885,12170.951,13372.094,12225.67,12283.0
2018-07-12 06:00:00,13123.027,12482.912,13793.236,12583.764,12697.0
2018-07-12 07:00:00,13713.3125,13023.102,14440.094,13215.16,13314.0
2018-07-12 08:00:00,14558.005,13807.269,15351.834,14111.821,14051.0
2018-07-12 09:00:00,15335.578,14527.358,16180.39,14738.429,14773.0
2018-07-12 10:00:00,16126.12,15251.117,17024.785,15491.847,15595.0
2018-07-12 11:00:00,16956.617,16049.385,17882.258,16367.98,16541.0
2018-07-12 12:00:00,17768.441,16810.951,18735.488,17254.236,17430.0
2018-07-12 13:00:00,18518.287,17533.281,19527.38,18211.793,18253.0
2018-07-12 14:00:00,19037.17,18021.318,20074.156,18867.705,18965.0
2018-07-12 15:00:00,19293.291,18255.105,20342.02,19369.9,19412.0
2018-07-12 16:00:00,19362.639,18313.355,20400.115,19634.068,19796.0
2018-07-12 17:00:00,19472.654,18448.688,20482.967,20012.816,20052.0
2018-07-12 18:00:00,19427.414,18399.557,20442.623,20094.873,20085.0
2018-07-12 19:00:00,19180.186,18199.402,20146.32,19856.297,19706.0
2018-07-12 20:00:00,18696.215,17734.396,19617.21,19057.287,19188.0
2018-07-12 21:00:00,18081.81,17154.703,18945.861,18446.045,18401.0
2018-07-12 22:00:00,17603.033,16730.977,18388.89,17773.059,17797.0
2018-07-12 23:00:00,16571.996,15762.648,17310.625,16716.361,16719.0
2018-07-13 00:00:00,15313.436,14575.478,15978.064,15397.324,15264.0
2018-07-13 01:00:00,14279.521,13578.66,14904.629,14091.702,14147.0
2018-07-13 02:00:00,13500.507,12883.861,14063.743,13281.488,13204.0
2018-07-13 03:00:00,12929.445,12346.235,13464.768,12601.388,12737.0
2018-07-13 04:00:00,12609.299,12062.179,13130.731,12553.148,12434.0
2018-07-13 05:00:00,12610.515,12073.42,13122.798,12432.721,12425.0
2018-07-13 06:00:00,12996.545,12404.508,13607.166,12712.065,12826.0
2018-07-13 07:00:00,13543.586,12918.273,14203.671,13376.552,13446.0
2018-07-13 08:00:00,14361.943,13674.229,15074.359,14342.229,14183.0
2018-07-13 09:00:00,15336.248,14587.428,16105.545,15022.098,15226.0
2018-07-13 10:00:00,16329.115,15537.936,17130.191,16348.893,16125.0
2018-07-13 11:00:00,17278.52,16427.088,18139.105,17152.55,17280.0
2018-07-13 12:00:00,18194.79,17308.637,19086.086,18271.273,18229.0
2018-07-13 13:00:00,19057.852,18106.953,20007.543,19155.633,19078.0
2018-07-13 14:00:00,19703.55,18703.041,20668.553,19789.95,19926.0
2018-07-13 15:00:00,20101.979,19068.684,21075.096,20421.176,20449.0
2018-07-13 16:00:00,20279.629,19262.176,21264.24,20760.48,20852.0
2018-07-13 17:00:00,20480.467,19427.895,21480.309,21097.531,21014.0
2018-07-13 18:00:00,20434.873,19405.74,21399.115,21038.227,21001.0
2018-07-13 19:00:00,20102.953,19085.922,21081.71,20716.615,20726.0
2018-07-13 20:00:00,19503.99,18544.621,20440.111,20257.633,20051.0
2018-07-13 21:00:00,18838.281,17901.756,19781.611,19299.22,19216.0
2018-07-13 22:00:00,18193.156,17294.707,19097.574,18603.934,18530.0
2018-07-13 23:00:00,17177.53,16329.51,18056.48,17467.518,17502.0
2018-07-14 00:00:00,15809.808,15043.907,16622.012,16209.531,15950.0
2018-07-14 01:00:00,14707.443,14003.115,15476.124,14757.928,14713.0
2018-07-14 02:00:00,13793.896,13134.384,14496.008,13756.124,13708.0
2018-07-14 03:00:00,13166.416,12553.214,13826.603,13087.651,13184.0
2018-07-14 04:00:00,12653.293,12087.651,13256.014,12839.771,12726.0
2018-07-14 05:00:00,12463.852,11891.068,13093.935,12611.409,12535.0
2018-07-14 06:00:00,12471.521,11881.106,13100.747,12602.3545,12586.0
2018-07-14 07:00:00,12501.478,11859.33,13179.652,12719.745,12543.0
2018-07-14 08:00:00,13053.693,12370.662,13770.25,13145.791,13128.0
2018-07-14 09:00:00,14224.446,13483.553,14969.578,14336.147,14129.0
2018-07-14 10:00:00,15583.398,14773.705,16381.873,15418.995,15513.0
2018-07-14 11:00:00,16943.12,16106.869,17781.508,16830.875,16751.0
2018-07-14 12:00:00,18013.691,17125.555,18886.328,17759.555,17872.0
2018-07-14 13:00:00,18946.883,18023.936,19851.11,18830.422,18581.0
2018-07-14 14:00:00,19692.473,18730.11,20622.504,19096.88,19143.0
2018-07-14 15:00:00,20028.844,19057.078,20979.432,19463.541,19565.0
2018-07-14 16:00:00,20341.473,19346.293,21299.516,19925.0,19841.0
2018-07-14 17:00:00,20525.162,19505.355,21505.691,20067.842,20032.0
2018-07-14 18:00:00,20578.457,19576.045,21520.45,20085.473,20074.0
2018-07-14 19:00:00,20104.8,19071.736,21052.195,19708.5,19822.0
2018-07-14 20:00:00,19442.783,18446.84,20353.56,19221.893,19360.0
2018-07-14 21:00:00,18761.172,17775.992,19643.156,18583.393,18657.0
2018-07-14 22:00:00,18171.0,17237.86,19017.217,17977.355,18179.0
2018-07-14 23:00:00,17199.434,16342.094,18011.229,17224.371,17129.0
2018-07-15 00:00:00,15950.859,15172.552,16706.234,15746.891,15910.0
2018-07-15 01:00:00,14819.49,14091.426,15532.669,14730.14,14815.0
2018-07-15 02:00:00,13977.841,13282.407,14674.763,13876.227,13958.0
2018-07-15 03:00:00,13245.665,12603.78,13896.118,13281.798,13360.0
2018-07-15 04:00:00,12762.06,12117.399,13433.997,12892.042,12893.0
2018-07-15 05:00:00,12489.435,11878.86,13139.837,12599.782,12629.0
2018-07-15 06:00:00,12388.627,11766.137,13066.654,12566.838,12614.0
2018-07-15 07:00:00,12273.392,11612.842,12983.204,12587.297,12515.0
2018-07-15 08:00:00,12854.181,12115.529,13617.144,13070.388,12918.0
2018-07-15 09:00:00,13986.178,13179.57,14786.111,13940.971,13878.0
2018-07-15 10:00:00,15485.777,14621.744,16322.144,15070.05,15032.0
2018-07-15 11:00:00,16792.65,15871.384,17701.957,16143.07,16314.0
2018-07-15 12:00:00,17938.23,16976.512,18869.51,17370.941,17471.0
2018-07-15 13:00:00,18794.133,17788.324,19774.387,18461.578,18397.0
2018-07-15 14:00:00,19581.314,18532.684,20576.96,19169.549,18848.0
2018-07-15 15:00:00,19938.074,18876.4,20960.54,19193.861,19247.0
2018-07-15 16:00:00,20164.26,19107.582,21223.2,19624.418,19533.0
2018-07-15 17:00:00,20316.648,19237.54,21385.658,19824.244,19682.0
2018-07-15 18:00:00,20342.012,19248.922,21410.523,19814.393,19681.0
2018-07-15 19:00:00,20019.922,18954.186,21049.094,19519.664,19217.0
2018-07-15 20:00:00,19441.422,18370.635,20453.24,18657.428,18893.0
2018-07-15 21:00:00,18812.701,17798.344,19763.025,18417.545,18285.0
2018-07-15 22:00:00,18353.182,17399.85,19272.6,17848.855,17949.0
2018-07-15 23:00:00,17475.457,16584.27,18357.975,17145.041,17070.0
2018-07-16 00:00:00,16206.069,15366.0,17042.29,15887.364,15942.0
2018-07-16 01:00:00,15173.922,14391.629,15953.828,14944.044,14851.0
2018-07-16 02:00:00,14446.208,13694.557,15232.594,14014.145,14147.0
2018-07-16 03:00:00,13769.292,13008.137,14564.955,13627.201,13595.0
2018-07-16 04:00:00,13364.051,12588.271,14173.418,13279.5,13402.0
2018-07-16 05:00:00,13304.502,12502.299,14164.07,13409.331,13389.0
2018-07-16 06:00:00,13691.74,12812.58,14634.103,13798.241,13991.0
2018-07-16 07:00:00,14149.266,13222.632,15141.943,14692.569,14630.0
2018-07-16 08:00:00,15151.814,14149.0,16207.904,15562.102,15583.0
2018-07-16 09:00:00,16266.292,15191.193,17375.777,16568.336,16361.0
2018-07-16 10:00:00,17462.158,16304.658,18613.95,17198.488,17339.0
2018-07-16 11:00:00,18634.225,17417.406,19820.777,18339.17,18363.0
2018-07-16 12:00:00,19653.824,18304.857,20942.201,19181.371,19214.0
2018-07-16 13:00:00,20524.604,19118.201,21864.21,19945.387,19934.0
2018-07-16 14:00:00,20963.582,19609.322,22248.373,20382.594,20364.0
2018-07-16 15:00:00,21069.389,19694.256,22386.086,20530.754,20298.0
2018-07-16 16:00:00,20976.83,19596.758,22286.896,20249.678,20178.0
2018-07-16 17:00:00,20804.74,19434.902,22092.475,20073.213,20184.0
2018-07-16 18:00:00,20566.236,19220.375,21839.506,20124.203,20434.0
2018-07-16 19:00:00,20240.973,18960.889,21460.629,20269.59,20280.0
2018-07-16 20:00:00,19705.455,18427.748,20905.012,19865.883,19816.0
2018-07-16 21:00:00,19041.846,17878.127,20164.857,19210.828,19113.0
2018-07-16 22:00:00,18638.871,17455.512,19739.555,18507.727,18653.0
2018-07-16 23:00:00,17555.516,16559.486,18498.168,17626.895,17540.0
2018-07-17 00:00:00,16215.441,15285.684,17078.45,16136.557,16384.0
2018-07-17 01:00:00,15139.6875,14271.574,15971.989,15288.398,15202.0
2018-07-17 02:00:00,14303.484,13521.214,15067.75,14298.343,14424.0
2018-07-17 03:00:00,13717.008,12982.229,14440.316,13776.759,13922.0
2018-07-17 04:00:00,13371.345,12677.621,14071.801,13566.6875,13522.0
2018-07-17 05:00:00,13315.857,12628.21,13978.285,13411.0625,13634.0
2018-07-17 06:00:00,13681.395,12882.807,14484.914,14074.335,14057.0
2018-07-17 07:00:00,14224.843,13381.209,15071.287,14638.778,14647.0
2018-07-17 08:00:00,15000.639,14076.805,15905.58,15415.017,15372.0
2018-07-17 09:00:00,15868.26,14872.816,16817.5,16073.997,16382.0
2018-07-17 10:00:00,16650.629,15566.922,17669.102,17206.953,17247.0
2018-07-17 11:00:00,17360.352,16207.436,18434.605,17991.408,18109.0
2018-07-17 12:00:00,18070.643,16845.879,19213.742,18718.91,18987.0
2018-07-17 13:00:00,18689.547,17402.996,19858.004,19662.135,19710.0
2018-07-17 14:00:00,19031.16,17713.137,20218.223,20099.105,20156.0
2018-07-17 15:00:00,19141.666,17773.836,20345.21,20216.45,20458.0
2018-07-17 16:00:00,19071.834,17722.73,20285.293,20452.922,20631.0
2018-07-17 17:00:00,18926.943,17554.838,20133.553,20640.748,20621.0
2018-07-17 18:00:00,18687.773,17349.979,19870.988,20438.406,20357.0
2018-07-17 19:00:00,18341.44,17087.701,19470.055,19815.852,19963.0
2018-07-17 20:00:00,17892.166,16718.143,18984.967,19271.156,19088.0
2018-07-17 21:00:00,17369.176,16278.86,18420.45,18193.305,18299.0
2018-07-17 22:00:00,16994.953,15996.373,17972.217,17664.684,17714.0
2018-07-17 23:00:00,16158.08,15241.967,17072.045,16655.906,16581.0
2018-07-18 00:00:00,15069.898,14251.77,15877.351,15271.445,15027.0
2018-07-18 01:00:00,14155.205,13411.108,14897.755,13871.185,13929.0
2018-07-18 02:00:00,13475.327,12783.673,14173.679,13094.824,13192.0
2018-07-18 03:00:00,13008.379,12370.033,13668.603,12658.875,12682.0
2018-07-18 04:00:00,12694.966,12135.265,13257.9,12365.682,12348.0
2018-07-18 05:00:00,12707.724,12064.971,13348.9,12298.92,12227.0
2018-07-18 06:00:00,13201.332,12464.209,13931.515,12524.393,12613.0
2018-07-18 07:00:00,13806.188,13032.688,14563.996,13176.084,13162.0
2018-07-18 08:00:00,14685.985,13823.253,15528.519,13945.084,13953.0
2018-07-18 09:00:00,15487.203,14554.993,16397.27,14717.908,14753.0
2018-07-18 10:00:00,16202.572,15187.322,17179.004,15436.409,15481.0
2018-07-18 11:00:00,16950.803,15854.582,17979.393,16162.445,16343.0
2018-07-18 12:00:00,17581.67,16409.69,18674.309,17030.28,16992.0
2018-07-18 13:00:00,18276.781,17075.066,19396.395,17602.906,17563.0
2018-07-18 14:00:00,18760.28,17511.67,19911.266,18036.674,18082.0
2018-07-18 15:00:00,18900.0,17656.889,20067.61,18420.021,18441.0
2018-07-18 16:00:00,18929.969,17657.605,20115.592,18696.133,18625.0
2018-07-18 17:00:00,18909.04,17621.238,20098.91,18767.299,18860.0
2018-07-18 18:00:00,18762.629,17519.701,19917.957,18931.957,18879.0
2018-07-18 19:00:00,18425.66,17201.584,19525.877,18627.545,18714.0
2018-07-18 20:00:00,17936.672,16792.113,18992.932,18211.516,18081.0
2018-07-18 21:00:00,17440.95,16352.105,18435.006,17433.14,17247.0
2018-07-18 22:00:00,17023.732,16036.498,17938.875,16670.3,16661.0
2018-07-18 23:00:00,16106.945,15217.811,16943.973,15707.963,15682.0
2018-07-19 00:00:00,14957.064,14154.717,15720.672,14477.956,14277.0
2018-07-19 01:00:00,14050.666,13321.74,14739.329,13235.547,13305.0
2018-07-19 02:00:00,13342.956,12682.09,13986.07,12612.507,12536.0
2018-07-19 03:00:00,12869.18,12260.104,13499.681,12084.817,12079.0
2018-07-19 04:00:00,12542.378,12018.376,13102.551,11836.86,11897.0
2018-07-19 05:00:00,12554.007,12013.412,13143.003,11968.561,11931.0
2018-07-19 06:00:00,13000.565,12350.649,13691.93,12342.585,12376.0
2018-07-19 07:00:00,13647.201,12919.716,14421.994,13022.686,12971.0
2018-07-19 08:00:00,14522.684,13699.386,15349.272,13768.776,13627.0
2018-07-19 09:00:00,15269.516,14353.468,16168.953,14316.561,14383.0
2018-07-19 10:00:00,16081.187,15091.19,17063.08,15138.185,15212.0
2018-07-19 11:00:00,16864.01,15763.663,17948.7,16036.683,16069.0
2018-07-19 12:00:00,17551.725,16349.883,18717.14,16801.26,16853.0
2018-07-19 13:00:00,18191.654,16916.371,19416.0,17600.744,17629.0
2018-07-19 14:00:00,18715.219,17348.928,20020.936,18253.639,18290.0
2018-07-19 15:00:00,18853.412,17480.646,20194.441,18735.586,18875.0
2018-07-19 16:00:00,18849.547,17484.865,20224.4,19240.367,19259.0
2018-07-19 17:00:00,18871.768,17473.611,20289.908,19537.172,19615.0
2018-07-19 18:00:00,18681.639,17296.008,20096.762,19651.846,19730.0
2018-07-19 19:00:00,18381.598,17088.48,19695.176,19433.54,19540.0
2018-07-19 20:00:00,17868.82,16645.22,19104.02,18880.018,18886.0
2018-07-19 21:00:00,17371.488,16239.109,18511.555,18020.953,18120.0
2018-07-19 22:00:00,17017.727,15980.859,18084.951,17448.598,17537.0
2018-07-19 23:00:00,16042.625,15100.24,17029.184,16353.595,16361.0
2018-07-20 00:00:00,14889.628,14036.875,15799.471,14878.563,15085.0
2018-07-20 01:00:00,13946.401,13201.891,14751.622,13921.703,13948.0
2018-07-20 02:00:00,13219.322,12490.062,14043.209,13047.912,13207.0
2018-07-20 03:00:00,12683.199,12015.498,13447.944,12691.065,12753.0
2018-07-20 04:00:00,12414.6,11777.473,13136.744,12447.827,12529.0
2018-07-20 05:00:00,12448.109,11765.619,13245.664,12515.039,12616.0
2018-07-20 06:00:00,12868.138,12122.997,13730.391,12980.217,12983.0
2018-07-20 07:00:00,13486.728,12688.857,14395.942,13423.763,13646.0
2018-07-20 08:00:00,14374.283,13482.294,15363.186,14328.085,14427.0
2018-07-20 09:00:00,15158.689,14199.414,16220.226,15083.086,15210.0
2018-07-20 10:00:00,15969.901,14925.282,17103.156,15833.067,15964.0
2018-07-20 11:00:00,16705.654,15586.406,17923.543,16628.232,16554.0
2018-07-20 12:00:00,17386.002,16135.221,18728.973,16960.373,17039.0
2018-07-20 13:00:00,18043.004,16669.408,19556.855,17408.717,17324.0
2018-07-20 14:00:00,18414.396,16962.818,19966.691,17470.387,17480.0
2018-07-20 15:00:00,18590.72,17207.635,20104.135,17447.912,17541.0
2018-07-20 16:00:00,18586.854,17159.842,20112.164,17526.902,17464.0
2018-07-20 17:00:00,18499.828,17134.154,19999.957,17370.246,17367.0
2018-07-20 18:00:00,18390.832,16978.729,19939.676,17194.496,17089.0
2018-07-20 19:00:00,17794.596,16509.17,19207.062,16658.945,16607.0
2018-07-20 20:00:00,17227.715,16018.861,18537.72,15970.853,16028.0
2018-07-20 21:00:00,16658.982,15552.056,17865.959,15443.284,15515.0
2018-07-20 22:00:00,16343.797,15242.291,17491.977,15039.049,15178.0
2018-07-20 23:00:00,15419.593,14464.45,16432.172,14429.633,14426.0
2018-07-21 00:00:00,14262.902,13393.963,15165.976,13364.271,13379.0
2018-07-21 01:00:00,13330.518,12512.835,14185.28,12448.439,12654.0
2018-07-21 02:00:00,12613.305,11889.053,13382.894,11978.725,12102.0
2018-07-21 03:00:00,12110.922,11425.525,12836.407,11609.565,11603.0
2018-07-21 04:00:00,11784.914,11141.732,12468.215,11225.173,11470.0
2018-07-21 05:00:00,11695.934,11039.381,12382.232,11477.192,11431.0
2018-07-21 06:00:00,11858.707,11171.641,12604.669,11491.236,11632.0
2018-07-21 07:00:00,11928.868,11219.282,12699.863,11762.405,11660.0
2018-07-21 08:00:00,12380.926,11586.233,13222.311,11983.458,12103.0
2018-07-21 09:00:00,13063.186,12231.99,13947.412,12830.247,12692.0
2018-07-21 10:00:00,13862.982,12956.527,14811.498,13328.0205,13291.0
2018-07-21 11:00:00,14568.67,13578.977,15571.579,13857.716,13931.0
2018-07-21 12:00:00,15247.818,14190.521,16306.851,14421.345,14400.0
2018-07-21 13:00:00,15728.264,14592.68,16847.248,14849.508,14752.0
2018-07-21 14:00:00,16030.666,14827.564,17191.61,15068.776,15151.0
2018-07-21 15:00:00,16193.594,14933.151,17373.557,15423.911,15458.0
2018-07-21 16:00:00,16427.062,15134.371,17653.428,15803.611,15765.0
2018-07-21 17:00:00,16490.58,15167.264,17728.494,16065.345,16074.0
2018-07-21 18:00:00,16597.043,15225.263,17879.451,16254.954,16251.0
2018-07-21 19:00:00,16215.229,14938.599,17441.729,16103.019,15894.0
2018-07-21 20:00:00,15803.069,14562.694,17029.174,15427.725,15400.0
2018-07-21 21:00:00,15322.3125,14170.643,16493.34,14854.975,15043.0
2018-07-21 22:00:00,14982.63,13893.2295,16086.746,14756.7,14848.0
2018-07-21 23:00:00,14325.474,13314.243,15363.529,14180.599,14102.0
2018-07-22 00:00:00,13411.176,12474.704,14358.186,13126.155,13079.0
2018-07-22 01:00:00,12583.717,11749.236,13445.511,12214.703,12274.0
2018-07-22 02:00:00,11930.51,11140.848,12762.6455,11704.532,11784.0
2018-07-22 03:00:00,11375.196,10655.923,12139.376,11407.164,11383.0
2018-07-22 04:00:00,11044.447,10415.015,11712.5205,11123.592,11202.0
2018-07-22 05:00:00,10883.476,10225.051,11583.767,11132.194,11091.0
2018-07-22 06:00:00,10853.463,10231.595,11535.446,11099.343,11036.0
2018-07-22 07:00:00,10821.677,10104.988,11601.602,10986.562,11221.0
2018-07-22 08:00:00,11282.437,10515.668,12104.83,11665.035,11611.0
2018-07-22 09:00:00,12247.83,11371.495,13168.453,12273.045,12241.0
2018-07-22 10:00:00,13195.409,12262.736,14152.057,12963.66,12859.0
2018-07-22 11:00:00,13910.035,12873.697,14951.535,13484.959,13384.0
2018-07-22 12:00:00,14647.088,13550.449,15739.527,13843.895,13895.0
2018-07-22 13:00:00,15179.705,14016.039,16341.105,14358.11,14419.0
2018-07-22 14:00:00,15688.998,14484.229,16878.098,14839.08,14833.0
2018-07-22 15:00:00,15960.508,14724.433,17182.65,15163.125,15191.0
2018-07-22 16:00:00,16230.23,14956.213,17473.76,15553.204,15381.0
2018-07-22 17:00:00,16442.684,15149.814,17711.066,15643.734,15626.0
2018-07-22 18:00:00,16585.78,15269.296,17886.018,15798.233,15730.0
2018-07-22 19:00:00,16402.682,15117.965,17640.566,15597.56,15739.0
2018-07-22 20:00:00,16048.158,14833.664,17264.494,15463.487,15403.0
2018-07-22 21:00:00,15610.391,14436.85,16762.852,14962.049,14975.0
2018-07-22 22:00:00,15278.301,14176.666,16372.902,14666.414,14891.0
2018-07-22 23:00:00,14561.88,13550.842,15578.527,14214.008,14256.0
2018-07-23 00:00:00,13573.515,12615.092,14508.053,13316.139,13330.0
2018-07-23 01:00:00,12785.082,11899.097,13640.293,12552.999,12579.0
2018-07-23 02:00:00,12260.226,11442.794,13080.862,12047.323,12157.0
2018-07-23 03:00:00,11829.479,11069.196,12643.403,11821.162,11829.0
2018-07-23 04:00:00,11670.011,10957.966,12481.994,11675.712,11647.0
2018-07-23 05:00:00,11638.229,11006.204,12410.285,11723.8955,11848.0
2018-07-23 06:00:00,12122.51,11340.81,13050.364,12328.18,12380.0
2018-07-23 07:00:00,12775.245,11905.922,13803.117,13030.688,13220.0
2018-07-23 08:00:00,13586.133,12594.519,14676.561,14067.1455,13866.0
2018-07-23 09:00:00,14338.877,13232.514,15506.82,14445.881,14536.0
2018-07-23 10:00:00,15069.099,13882.849,16317.814,15156.563,15207.0
2018-07-23 11:00:00,15849.033,14525.214,17230.957,15811.958,15949.0
2018-07-23 12:00:00,16577.477,15087.204,18104.42,16492.86,16498.0
2018-07-23 13:00:00,17087.967,15556.48,18603.61,16976.781,17165.0
2018-07-23 14:00:00,17589.855,15960.853,19194.271,17552.852,17730.0
2018-07-23 15:00:00,17758.283,16153.764,19345.104,17920.496,18120.0
2018-07-23 16:00:00,17804.068,16120.174,19487.016,18197.152,18513.0
2018-07-23 17:00:00,17816.875,16209.471,19445.736,18631.734,18713.0
2018-07-23 18:00:00,17729.871,16194.148,19277.023,18691.074,18680.0
2018-07-23 19:00:00,17514.252,16024.262,19002.207,18345.32,18173.0
2018-07-23 20:00:00,17064.17,15668.419,18445.18,17489.895,17718.0
2018-07-23 21:00:00,16587.16,15300.088,17848.125,17042.926,17214.0
2018-07-23 22:00:00,16300.631,15109.544,17480.191,16654.928,16912.0
2018-07-23 23:00:00,15463.311,14377.568,16538.357,15850.338,15858.0
2018-07-24 00:00:00,14355.877,13366.782,15336.997,14502.362,14814.0
2018-07-24 01:00:00,13411.97,12526.826,14286.487,13718.406,13903.0
2018-07-24 02:00:00,12766.514,11924.672,13637.186,13120.608,13216.0
2018-07-24 03:00:00,12278.811,11516.941,13081.907,12663.176,12828.0
2018-07-24 04:00:00,12024.157,11312.785,12779.357,12561.601,12546.0
2018-07-24 05:00:00,12074.983,11303.768,12908.521,12560.246,12673.0
2018-07-24 06:00:00,12523.193,11706.24,13406.108,13109.092,13096.0
2018-07-24 07:00:00,13203.345,12311.209,14146.82,13729.214,13855.0
2018-07-24 08:00:00,14048.493,13051.206,15086.122,14655.675,14451.0
2018-07-24 09:00:00,14847.138,13781.165,15956.346,15072.372,15102.0
2018-07-24 10:00:00,15673.829,14521.934,16867.672,15815.0205,15648.0
2018-07-24 11:00:00,16479.213,15254.735,17741.836,16282.038,16367.0
2018-07-24 12:00:00,17268.922,15896.237,18678.13,17006.434,16828.0
2018-07-24 13:00:00,17955.625,16530.303,19450.223,17377.166,17132.0
2018-07-24 14:00:00,18402.809,16914.832,19956.662,17476.768,17747.0
2018-07-24 15:00:00,18547.49,17129.799,20028.416,18125.533,18185.0
2018-07-24 16:00:00,18501.576,17069.41,19955.738,18467.326,18500.0
2018-07-24 17:00:00,18440.82,17035.668,19870.746,18700.727,18644.0
2018-07-24 18:00:00,18317.5,16938.39,19712.748,18642.445,18597.0
2018-07-24 19:00:00,18089.03,16766.621,19420.79,18337.305,18255.0
2018-07-24 20:00:00,17633.025,16362.153,18906.197,17737.697,17926.0
2018-07-24 21:00:00,17091.977,15896.278,18274.127,17452.94,17564.0
2018-07-24 22:00:00,16817.531,15651.59,17950.736,17185.154,17271.0
2018-07-24 23:00:00,15867.032,14857.812,16868.205,16325.542,16225.0
2018-07-25 00:00:00,14629.559,13704.621,15530.803,14937.759,14927.0
2018-07-25 01:00:00,13679.639,12829.558,14526.021,13856.937,13990.0
2018-07-25 02:00:00,13003.162,12258.242,13762.774,13252.685,13394.0
2018-07-25 03:00:00,12500.155,11821.058,13180.5205,12957.903,12956.0
2018-07-25 04:00:00,12211.928,11560.158,12865.521,12743.95,12717.0
2018-07-25 05:00:00,12236.148,11593.959,12851.029,12774.247,12697.0
2018-07-25 06:00:00,12687.995,11897.376,13456.842,13058.314,13216.0
2018-07-25 07:00:00,13304.482,12423.584,14148.809,13850.408,13972.0
2018-07-25 08:00:00,14153.143,13199.59,15058.068,14771.929,14751.0
2018-07-25 09:00:00,14972.828,13932.525,15955.246,15487.115,15445.0
2018-07-25 10:00:00,15765.958,14644.543,16821.52,16178.533,16246.0
2018-07-25 11:00:00,16627.045,15406.02,17768.523,17065.035,17285.0
2018-07-25 12:00:00,17439.086,16112.078,18691.61,18077.402,18014.0
2018-07-25 13:00:00,18150.31,16764.824,19424.24,18733.314,18618.0
2018-07-25 14:00:00,18692.08,17237.602,20012.725,19238.713,19225.0
2018-07-25 15:00:00,18920.285,17401.043,20275.613,19621.814,19740.0
2018-07-25 16:00:00,18992.352,17436.273,20385.908,20058.08,19756.0
2018-07-25 17:00:00,18995.209,17456.947,20345.61,19852.352,19718.0
2018-07-25 18:00:00,18806.646,17315.027,20118.1,19631.064,19544.0
2018-07-25 19:00:00,18466.684,17048.133,19742.773,19195.121,19198.0
2018-07-25 20:00:00,17911.88,16576.879,19138.918,18668.404,18728.0
2018-07-25 21:00:00,17413.328,16163.662,18603.916,18157.422,18033.0
2018-07-25 22:00:00,16968.617,15806.838,18091.336,17543.584,17561.0
2018-07-25 23:00:00,16093.846,15022.379,17129.863,16620.984,16349.0
2018-07-26 00:00:00,14868.116,13878.46,15819.243,15108.159,15027.0
2018-07-26 01:00:00,13976.673,13070.27,14856.862,14029.562,13865.0
2018-07-26 02:00:00,13278.44,12423.519,14116.503,13144.263,13179.0
2018-07-26 03:00:00,12723.44,11918.907,13513.39,12795.922,12668.0
2018-07-26 04:00:00,12384.517,11665.101,13084.7,12475.483,12411.0
2018-07-26 05:00:00,12426.246,11623.237,13209.512,12490.693,12392.0
2018-07-26 06:00:00,12934.165,12022.523,13789.465,12858.004,12860.0
2018-07-26 07:00:00,13584.301,12623.342,14478.111,13564.354,13465.0
2018-07-26 08:00:00,14464.648,13381.298,15463.221,14261.883,14166.0
2018-07-26 09:00:00,15368.402,14196.35,16455.848,14902.411,15062.0
2018-07-26 10:00:00,16292.697,15017.961,17455.73,16006.6875,15918.0
2018-07-26 11:00:00,17210.543,15826.829,18455.016,16810.95,16878.0
2018-07-26 12:00:00,17989.121,16500.803,19324.36,17712.46,17878.0
2018-07-26 13:00:00,18804.027,17181.572,20246.426,18768.877,18642.0
2018-07-26 14:00:00,19313.805,17640.445,20789.273,19360.096,19398.0
2018-07-26 15:00:00,19470.426,17769.273,20991.105,19899.883,19752.0
2018-07-26 16:00:00,19450.65,17761.775,20948.18,20008.56,20107.0
2018-07-26 17:00:00,19459.203,17739.629,20980.588,20356.133,20356.0
2018-07-26 18:00:00,19270.578,17623.531,20733.697,20381.03,20055.0
2018-07-26 19:00:00,18929.266,17339.467,20323.2,19665.156,19641.0
2018-07-26 20:00:00,18346.707,16863.664,19683.87,18996.047,19006.0
2018-07-26 21:00:00,17816.414,16437.531,19035.633,18338.451,18322.0
2018-07-26 22:00:00,17447.402,16172.266,18582.598,17771.455,17804.0
2018-07-26 23:00:00,16400.168,15287.587,17399.69,16742.941,16530.0
2018-07-27 00:00:00,15096.969,14077.388,16015.564,15224.448,15127.0
2018-07-27 01:00:00,14139.946,13233.004,14967.043,14043.3125,14057.0
2018-07-27 02:00:00,13366.356,12534.037,14128.668,13325.344,13320.0
2018-07-27 03:00:00,12812.422,12046.413,13554.224,12864.372,12846.0
2018-07-27 04:00:00,12435.456,11750.781,13112.914,12648.142,12512.0
2018-07-27 05:00:00,12457.137,11743.743,13164.753,12568.963,12533.0
2018-07-27 06:00:00,12918.418,12101.748,13732.175,12954.918,12956.0
2018-07-27 07:00:00,13586.19,12691.658,14499.172,13619.075,13557.0
2018-07-27 08:00:00,14423.4375,13417.312,15399.476,14330.988,14244.0
2018-07-27 09:00:00,15232.155,14111.603,16277.405,15006.656,15032.0
2018-07-27 10:00:00,16034.461,14828.025,17155.344,15854.49,15813.0
2018-07-27 11:00:00,16860.037,15543.085,18095.996,16629.8,16675.0
2018-07-27 12:00:00,17489.945,16105.91,18814.076,17433.293,17286.0
2018-07-27 13:00:00,18219.629,16749.805,19619.65,17932.28,17871.0
2018-07-27 14:00:00,18844.576,17270.986,20332.354,18404.889,18267.0
2018-07-27 15:00:00,19010.062,17451.525,20521.537,18525.043,18431.0
2018-07-27 16:00:00,19036.316,17484.283,20589.883,18508.227,18505.0
2018-07-27 17:00:00,19043.898,17406.06,20693.248,18514.152,18641.0
2018-07-27 18:00:00,18782.615,17150.805,20421.293,18526.451,18534.0
2018-07-27 19:00:00,18320.807,16816.209,19826.154,18123.434,18104.0
2018-07-27 20:00:00,17651.031,16274.422,19015.953,17482.178,17423.0
2018-07-27 21:00:00,17058.957,15805.428,18285.129,16731.863,16633.0
2018-07-27 22:00:00,16608.602,15451.264,17740.213,16063.8545,16137.0
2018-07-27 23:00:00,15708.369,14661.8545,16740.143,15189.23,15095.0
2018-07-28 00:00:00,14462.999,13528.675,15392.203,13912.618,13885.0
2018-07-28 01:00:00,13560.363,12752.91,14368.479,12933.231,12886.0
2018-07-28 02:00:00,12789.76,12036.109,13578.135,12203.253,12167.0
2018-07-28 03:00:00,12237.606,11555.651,12951.789,11675.65,11765.0
2018-07-28 04:00:00,11816.68,11177.635,12474.358,11478.241,11518.0
2018-07-28 05:00:00,11713.069,11037.617,12417.197,11481.139,11354.0
2018-07-28 06:00:00,11832.074,11121.653,12568.697,11397.395,11571.0
2018-07-28 07:00:00,11935.913,11173.651,12743.854,11726.974,11619.0
2018-07-28 08:00:00,12441.164,11595.434,13340.504,12040.875,12022.0
2018-07-28 09:00:00,13244.582,12338.318,14212.929,12744.103,12744.0
2018-07-28 10:00:00,14142.757,13131.148,15180.97,13553.697,13463.0
2018-07-28 11:00:00,15025.6,13943.845,16128.293,14209.661,14308.0
2018-07-28 12:00:00,15727.228,14540.98,16907.402,14984.099,15027.0
2018-07-28 13:00:00,16345.576,15108.31,17595.02,15643.918,15471.0
2018-07-28 14:00:00,16789.932,15472.307,18110.918,15896.662,15893.0
2018-07-28 15:00:00,17046.494,15704.633,18413.96,16228.773,16327.0
2018-07-28 16:00:00,17271.955,15874.125,18632.236,16724.145,16578.0
2018-07-28 17:00:00,17384.176,15923.227,18809.266,16888.61,16725.0
2018-07-28 18:00:00,17460.81,15931.368,18939.54,16853.67,16724.0
2018-07-28 19:00:00,17168.908,15647.343,18634.363,16502.031,16491.0
2018-07-28 20:00:00,16580.406,15220.406,17886.232,16065.063,15861.0
2018-07-28 21:00:00,16061.504,14835.098,17214.62,15347.872,15284.0
2018-07-28 22:00:00,15674.847,14559.624,16717.924,14929.544,14937.0
2018-07-28 23:00:00,14882.525,13862.104,15844.383,14245.215,14094.0
2018-07-29 00:00:00,13889.945,12978.162,14727.89,13097.268,13017.0
2018-07-29 01:00:00,12911.915,12100.049,13652.645,12140.008,12177.0
2018-07-29 02:00:00,12192.194,11477.764,12860.832,11601.549,11523.0
2018-07-29 03:00:00,11674.47,11030.094,12274.3545,11109.307,11124.0
2018-07-29 04:00:00,11330.668,10740.497,11892.803,10901.647,10862.0
2018-07-29 05:00:00,11181.371,10569.085,11750.606,10774.01,10649.0
2018-07-29 06:00:00,11162.752,10564.396,11772.818,10667.904,10748.0
2018-07-29 07:00:00,11132.172,10570.143,11703.508,10878.402,10812.0
2018-07-29 08:00:00,11554.893,10829.162,12290.814,11205.167,10966.0
2018-07-29 09:00:00,12459.21,11615.061,13295.357,11612.753,11786.0
2018-07-29 10:00:00,13500.67,12531.463,14442.367,12660.885,12651.0
2018-07-29 11:00:00,14364.808,13287.997,15368.964,13461.086,13427.0
2018-07-29 12:00:00,15185.076,14005.457,16272.955,14138.505,14206.0
2018-07-29 13:00:00,15821.122,14547.41,16959.95,14914.521,14925.0
2018-07-29 14:00:00,16385.959,15027.137,17592.215,15529.448,15496.0
2018-07-29 15:00:00,16688.809,15272.914,17934.22,15994.203,15937.0
2018-07-29 16:00:00,16991.684,15516.21,18294.47,16351.029,16209.0
2018-07-29 17:00:00,17147.756,15599.314,18512.012,16567.72,16464.0
2018-07-29 18:00:00,17273.816,15718.48,18665.297,16666.36,16645.0
2018-07-29 19:00:00,17028.268,15575.905,18350.32,16547.371,16414.0
2018-07-29 20:00:00,16579.504,15186.129,17892.904,16002.426,15997.0
2018-07-29 21:00:00,16124.947,14838.742,17381.885,15560.956,15616.0
2018-07-29 22:00:00,15743.344,14542.0205,16918.453,15346.863,15476.0
2018-07-29 23:00:00,14935.999,13833.152,16036.378,14755.575,14665.0
2018-07-30 00:00:00,13861.315,12845.584,14858.66,13653.446,13680.0
2018-07-30 01:00:00,13103.409,12179.377,14011.014,12879.814,12927.0
2018-07-30 02:00:00,12541.608,11655.622,13418.108,12417.076,12397.0
2018-07-30 03:00:00,12073.472,11295.472,12852.998,12038.51,12096.0
2018-07-30 04:00:00,11830.405,11155.976,12501.962,11968.135,11938.0
2018-07-30 05:00:00,11897.575,11133.031,12661.695,12076.895,12109.0
2018-07-30 06:00:00,12321.63,11445.754,13207.879,12630.46,12559.0
2018-07-30 07:00:00,12941.994,12020.641,13875.267,13237.829,13474.0
2018-07-30 08:00:00,13794.84,12765.349,14825.063,14281.806,14033.0
2018-07-30 09:00:00,14502.146,13376.914,15635.717,14653.218,14623.0
2018-07-30 10:00:00,15198.099,13976.057,16422.959,15236.946,15168.0
2018-07-30 11:00:00,15937.115,14604.55,17266.18,15754.5625,15872.0
2018-07-30 12:00:00,16541.434,15104.799,17985.807,16453.254,16353.0
2018-07-30 13:00:00,17136.998,15643.878,18633.738,16861.69,17001.0
2018-07-30 14:00:00,17601.572,16070.987,19146.781,17529.678,17582.0
2018-07-30 15:00:00,17711.166,16183.227,19269.902,17947.646,17889.0
2018-07-30 16:00:00,17707.297,16170.467,19271.227,18138.615,18176.0
2018-07-30 17:00:00,17744.705,16161.822,19322.332,18356.969,18262.0
2018-07-30 18:00:00,17705.693,16163.834,19242.64,18239.115,18174.0
2018-07-30 19:00:00,17471.285,15983.004,18937.105,17862.742,17875.0
2018-07-30 20:00:00,17052.078,15677.807,18458.586,17420.861,17307.0
2018-07-30 21:00:00,16601.914,15313.296,17905.098,16768.94,17022.0
2018-07-30 22:00:00,16330.796,15167.117,17527.037,16690.16,16725.0
2018-07-30 23:00:00,15474.492,14427.824,16552.572,15788.848,15592.0
2018-07-31 00:00:00,14328.175,13371.055,15303.249,14476.246,14363.0
2018-07-31 01:00:00,13489.447,12630.621,14359.028,13465.606,13501.0
2018-07-31 02:00:00,12845.266,12065.871,13654.99,12941.422,12787.0
2018-07-31 03:00:00,12382.005,11672.051,13151.719,12412.037,12382.0
2018-07-31 04:00:00,12119.752,11504.807,12807.903,12201.353,12275.0
2018-07-31 05:00:00,12197.13,11552.536,12930.433,12515.785,12498.0
2018-07-31 06:00:00,12687.955,11901.505,13558.765,13036.567,12926.0
2018-07-31 07:00:00,13349.115,12483.031,14321.103,13660.703,13871.0
2018-07-31 08:00:00,14091.108,13128.981,15144.08,14617.817,14554.0
2018-07-31 09:00:00,14829.882,13758.044,15984.934,15188.272,15072.0
2018-07-31 10:00:00,15501.008,14337.583,16744.16,15558.553,15480.0
2018-07-31 11:00:00,16297.361,15018.102,17651.592,15932.414,15975.0
2018-07-31 12:00:00,16968.416,15589.27,18400.314,16350.664,16157.0
2018-07-31 13:00:00,17586.848,16116.91,19082.258,16413.625,16566.0
2018-07-31 14:00:00,18072.648,16572.414,19607.957,16987.8,16882.0
2018-07-31 15:00:00,18235.23,16705.002,19815.592,17129.617,16984.0
2018-07-31 16:00:00,18245.773,16714.496,19837.234,17073.977,16780.0
2018-07-31 17:00:00,18192.025,16675.512,19763.607,16678.322,16687.0
2018-07-31 18:00:00,17992.29,16494.045,19518.13,16574.191,16874.0
2018-07-31 19:00:00,17749.021,16279.58,19239.096,16684.285,16727.0
2018-07-31 20:00:00,17292.781,15929.692,18683.113,16395.25,16674.0
2018-07-31 21:00:00,16775.66,15526.934,18037.023,16407.773,16556.0
2018-07-31 22:00:00,16428.041,15307.98,17578.906,16292.358,16252.0
2018-07-31 23:00:00,15627.744,14615.119,16668.277,15286.951,15504.0
2018-08-01 00:00:00,14525.183,13617.724,15453.99,14400.13,14424.0
2018-08-01 01:00:00,13690.94,12882.18,14503.805,13549.506,13538.0
2018-08-01 02:00:00,13061.045,12315.179,13847.687,12936.203,12903.0
2018-08-01 03:00:00,12528.771,11844.865,13262.67,12489.395,12506.0
2018-08-01 04:00:00,12322.014,11646.335,13029.3545,12307.388,12206.0
2018-08-01 05:00:00,12362.369,11656.484,13116.506,12265.304,12295.0
2018-08-01 06:00:00,12727.069,11950.48,13562.902,12764.115,12714.0
2018-08-01 07:00:00,13318.532,12490.365,14219.297,13392.9,13512.0
2018-08-01 08:00:00,14198.213,13258.235,15219.615,14200.461,14139.0
2018-08-01 09:00:00,15022.5205,13995.719,16138.191,14697.109,14685.0
2018-08-01 10:00:00,15882.892,14738.539,17103.379,15200.153,15223.0
2018-08-01 11:00:00,16709.172,15476.059,17992.648,15788.769,15648.0
2018-08-01 12:00:00,17635.785,16269.24,19031.97,15995.709,16116.0
2018-08-01 13:00:00,18470.936,17014.883,19979.977,16628.908,16623.0
2018-08-01 14:00:00,18941.387,17451.936,20470.03,17112.047,17008.0
2018-08-01 15:00:00,19075.387,17630.947,20543.584,17267.416,17146.0
2018-08-01 16:00:00,19030.816,17575.725,20460.693,17271.725,17193.0
2018-08-01 17:00:00,18990.004,17576.695,20377.84,17274.07,17183.0
2018-08-01 18:00:00,18812.383,17414.463,20180.45,17144.957,17204.0
2018-08-01 19:00:00,18577.0,17218.992,19906.436,17008.209,16870.0
2018-08-01 20:00:00,18082.404,16814.828,19311.36,16433.738,16579.0
2018-08-01 21:00:00,17556.963,16382.227,18686.455,16226.422,16457.0
2018-08-01 22:00:00,17156.424,16063.577,18188.613,16178.329,16197.0
2018-08-01 23:00:00,16208.534,15205.694,17163.96,15342.996,15259.0
2018-08-02 00:00:00,15025.889,14093.608,15878.602,14112.022,14125.0
2018-08-02 01:00:00,14025.841,13158.483,14827.0205,13239.72,13286.0
2018-08-02 02:00:00,13302.228,12518.201,14037.265,12656.956,12587.0
2018-08-02 03:00:00,12792.13,12020.436,13501.215,12163.006,12296.0
2018-08-02 04:00:00,12548.004,11807.918,13233.609,12156.025,12059.0
2018-08-02 05:00:00,12517.184,11742.424,13209.539,12169.441,12224.0
2018-08-02 06:00:00,12949.816,12083.092,13767.31,12731.257,12781.0
2018-08-02 07:00:00,13487.826,12534.127,14388.884,13466.895,13661.0
2018-08-02 08:00:00,14320.031,13277.531,15304.782,14430.477,14326.0
2018-08-02 09:00:00,15229.577,14086.384,16288.834,14963.597,14834.0
2018-08-02 10:00:00,16115.34,14874.023,17244.064,15380.146,15309.0
2018-08-02 11:00:00,17002.266,15652.18,18215.137,15871.738,16025.0
2018-08-02 12:00:00,17847.262,16391.004,19140.547,16584.754,16651.0
2018-08-02 13:00:00,18585.79,17045.21,19936.586,17225.074,17423.0
2018-08-02 14:00:00,19119.871,17503.457,20510.152,17957.156,18067.0
2018-08-02 15:00:00,19362.762,17640.97,20817.408,18437.848,18534.0
2018-08-02 16:00:00,19431.559,17710.812,20899.357,18775.555,18826.0
2018-08-02 17:00:00,19558.707,17831.666,21011.469,19024.938,18869.0
2018-08-02 18:00:00,19392.434,17725.63,20810.633,18767.428,18562.0
2018-08-02 19:00:00,19022.164,17454.473,20399.865,18087.549,18118.0
2018-08-02 20:00:00,18499.244,17028.941,19835.873,17537.182,17673.0
2018-08-02 21:00:00,17974.88,16591.932,19278.229,17187.605,17303.0
2018-08-02 22:00:00,17477.24,16189.65,18687.781,16897.25,17001.0
2018-08-02 23:00:00,16548.254,15363.481,17667.842,16009.536,15964.0
2018-08-03 00:00:00,15317.164,14232.371,16339.507,14734.428,14809.0
